<?xml version="1.0" encoding="UTF-8"?>
<beans xmlns="http://www.springframework.org/schema/beans"
	xmlns:xsi="http://www.w3.org/2001/XMLSchema-instance" xmlns:context="http://www.springframework.org/schema/context"
	xmlns:mvc="http://www.springframework.org/schema/mvc" xmlns:tx="http://www.springframework.org/schema/tx"
	xsi:schemaLocation="http://www.springframework.org/schema/mvc 
						http://www.springframework.org/schema/mvc/spring-mvc-4.0.xsd
						http://www.springframework.org/schema/beans 
						http://www.springframework.org/schema/beans/spring-beans-4.0.xsd
						http://www.springframework.org/schema/context 
						http://www.springframework.org/schema/context/spring-context-4.0.xsd
						http://www.springframework.org/schema/tx 
						http://www.springframework.org/schema/tx/spring-tx-4.0.xsd
						http://www.springframework.org/schema/aop
						http://www.springframework.org/schema/aop/spring-aop-4.0.xsd">

	<context:component-scan base-package="br.com.caelum.tarefas" />
	<mvc:annotation-driven />

	<bean
		class="org.springframework.web.servlet.view.InternalResourceViewResolver">
		<property name="prefix" value="/WEB-INF/views/" />
		<property name="suffix" value=".jsp" />
	</bean>

	<mvc:default-servlet-handler/>
	<mvc:interceptors>
		<bean class="br.com.caelum.tarefas.interceptor.AutorizadorInterceptor"></bean>
	</mvc:interceptors>

	<bean id="dataSource" class="org.apache.commons.dbcp.BasicDataSource">
	    <property name="driverClassName" value="com.mysql.jdbc.Driver"/>
	    <property name="url" value="jdbc:mysql://localhost/fj21"/>
	    <property name="username" value="root"/>
	    <property name="password" value="caelum"/>
	</bean>
</beans>
